Name,cc_count,cw_count,const_count,emp_count,twit_count,ss_count,tot_count
Dorchester,9971,3006,17578,1489,45,1843,33932
Downtown,35336,7629,19697,2913,295,1176,67048
Jamaica Plain,5008,683,5522,427,16,909,12565
West Roxbury,1395,593,4093,630,13,908,7632
Brighton,3842,1267,3835,405,9,713,10071
Roslindale,2312,559,3432,396,13,611,7323
South Boston,9063,721,5005,383,20,500,15692
Roxbury,4906,977,7948,513,25,487,14856
South End,7285,723,3086,411,30,438,11973
East Boston,4110,1196,4510,414,19,392,10641
Mattapan,798,700,3465,308,5,336,5612
Charlestown,2440,306,2150,361,4,286,5547
Allston,2041,1049,1943,148,13,268,5462
Back Bay,4533,579,2255,405,13,240,8025
Beacon Hill,3112,848,1800,429,10,236,6435
Fenway,2925,293,1357,209,14,166,4964
North End,3237,852,1826,172,3,149,6240
Mission Hill,1497,320,1328,92,2,135,3374
Bay Village,888,103,283,42,0,34,1350
South Boston Waterfront,622,21,287,23,4,21,978
Chinatown,1450,76,342,33,1,18,1920
West End,572,52,339,65,3,14,1045
Leather District,217,15,98,12,0,14,356
Longwood Medical Area,502,108,169,33,1,6,819
